{"timestamps": [1481263824.380176], "initial_reset_timestamp": 1481263748.183169, "episode_types": ["t"], "episode_lengths": [9155], "episode_rewards": [1.0]}