{"timestamps": [1481262952.458209], "initial_reset_timestamp": 1481262912.825328, "episode_types": ["t"], "episode_lengths": [2267], "episode_rewards": [4.0]}